size,edition,new_sku_count,categories,example_design,price_vnd,price_usd,note
150 × 150 mm,Outdoor,471,"Lifesaving Signs (LSS/LSA); Means of Escape Signs (MES); Emergency Equipment Signs (EES); Fire-Fighting Equipment Signs (FES / FFE); Fire-Fighting Control Symbols (FCS); Mandatory Signs (MSS); General Shipboard / Port & Leisure Signs; Marine Terminal & Airport Signs (ICAO 9363); Prohibition Signs (PSS); Warning Signs (WSS)",Large lifejacket,540000,20.77,pre-filled from website price for this size (86 SKUs)
150 × 150 mm,Standard,471,"Lifesaving Signs (LSS/LSA); Means of Escape Signs (MES); Emergency Equipment Signs (EES); Fire-Fighting Equipment Signs (FES / FFE); Fire-Fighting Control Symbols (FCS); Mandatory Signs (MSS); General Shipboard / Port & Leisure Signs; Marine Terminal & Airport Signs (ICAO 9363); Prohibition Signs (PSS); Warning Signs (WSS)",Large lifejacket,74000,2.85,pre-filled from website price for this size (86 SKUs)
300 × 100 mm,Outdoor,188,"Means of Escape Signs (MES); Emergency Equipment Signs (EES); Fire-Fighting Equipment Signs (FES / FFE); Mandatory Signs (MSS); General Shipboard / Port & Leisure Signs; Prohibition Signs (PSS); Warning Signs (WSS)",Safe for entry,1250000,48.08,"pre-filled from website price for this size (18 SKUs); 2 other price(s) also used on the site - check"
300 × 100 mm,Standard,188,"Means of Escape Signs (MES); Emergency Equipment Signs (EES); Fire-Fighting Equipment Signs (FES / FFE); Mandatory Signs (MSS); General Shipboard / Port & Leisure Signs; Prohibition Signs (PSS); Warning Signs (WSS)",Safe for entry,99000,3.81,"pre-filled from website price for this size (26 SKUs); 2 other price(s) also used on the site - check"
150 × 200 mm,Outdoor,153,"Emergency Equipment Signs (EES); Mandatory Signs (MSS); Combination Signs; Prohibition Signs (PSS); Warning Signs (WSS)",First aid,,,NEW SIZE - please fill in
150 × 200 mm,Standard,153,"Emergency Equipment Signs (EES); Mandatory Signs (MSS); Combination Signs; Prohibition Signs (PSS); Warning Signs (WSS)",First aid,,,NEW SIZE - please fill in
250 × 250 mm,Outdoor,63,Hazard Signs,"Hazard labelling symbol - Class 1 - Explosive Div 1.1, 1.2 & 1.3",,,NEW SIZE - please fill in
250 × 250 mm,Standard,63,Hazard Signs,"Hazard labelling symbol - Class 1 - Explosive Div 1.1, 1.2 & 1.3",,,NEW SIZE - please fill in
330 × 475 mm,Outdoor,59,Safety Posters,"Lifeboat launching, open/semi-enclosed",,,NEW SIZE - please fill in
330 × 475 mm,Standard,59,Safety Posters,"Lifeboat launching, open/semi-enclosed",,,NEW SIZE - please fill in
75 × 140 mm,Outdoor,26,Temporary Tie Tags,Caution,,,NEW SIZE - please fill in
75 × 140 mm,Standard,26,Temporary Tie Tags,Caution,,,NEW SIZE - please fill in
200 × 300 mm,Outdoor,23,Prohibition Signs (PSS),Do not drink alcohol,,,NEW SIZE - please fill in
200 × 300 mm,Standard,23,Prohibition Signs (PSS),Do not drink alcohol,,,NEW SIZE - please fill in
300 × 200 mm,Outdoor,20,"Combination Signs; Prohibition Signs (PSS)","Danger explosion risk, in the event of a fire remove cylinders to a safe place",,,NEW SIZE - please fill in
300 × 200 mm,Standard,20,"Combination Signs; Prohibition Signs (PSS)","Danger explosion risk, in the event of a fire remove cylinders to a safe place",,,NEW SIZE - please fill in
300 × 300 mm,Outdoor,16,Combination Signs,Machinery space,1610000,61.93,pre-filled from website price for this size (2 SKUs)
300 × 300 mm,Standard,16,Combination Signs,Machinery space,210000,8.08,pre-filled from website price for this size (2 SKUs)
75 × 150 mm,Outdoor,13,Fire-Fighting Equipment Signs (FES / FFE),Supplementary sign - arrow (red),380000,14.62,pre-filled from website price for this size (16 SKUs)
75 × 150 mm,Standard,13,Fire-Fighting Equipment Signs (FES / FFE),Supplementary sign - arrow (red),57000,2.19,pre-filled from website price for this size (16 SKUs)
100 × 200 mm,Outdoor,12,Fire-Fighting Equipment Signs (FES / FFE),Wet chemical fire extinguisher,690000,26.54,"pre-filled from website price for this size (1 SKUs); 1 other price(s) also used on the site - check"
100 × 200 mm,Standard,12,Fire-Fighting Equipment Signs (FES / FFE),Wet chemical fire extinguisher,74000,2.85,"pre-filled from website price for this size (1 SKUs); 1 other price(s) also used on the site - check"
100 × 100 mm,Outdoor,7,Hazard Signs,Hazard labelling symbol - Flammable,430000,16.54,pre-filled from website price for this size (2 SKUs)
100 × 100 mm,Standard,7,Hazard Signs,Hazard labelling symbol - Flammable,57000,2.19,pre-filled from website price for this size (2 SKUs)
210 × 297 mm,Outdoor,7,Safety Posters,Fire extinguisher types,,,NEW SIZE - please fill in
210 × 297 mm,Standard,7,Safety Posters,Fire extinguisher types,,,NEW SIZE - please fill in
100 × 300 mm,Outdoor,6,"Means of Escape Signs (MES); Fire-Fighting Equipment Signs (FES / FFE)",Pull with backward arrow,1250000,48.08,"pre-filled from website price for this size (18 SKUs); 2 other price(s) also used on the site - check"
100 × 300 mm,Standard,6,"Means of Escape Signs (MES); Fire-Fighting Equipment Signs (FES / FFE)",Pull with backward arrow,99000,3.81,"pre-filled from website price for this size (26 SKUs); 2 other price(s) also used on the site - check"
400 × 150 mm,Outdoor,6,"Lifesaving Signs (LSS/LSA); Means of Escape Signs (MES)",Deck,1490000,57.31,pre-filled from website price for this size (15 SKUs)
400 × 150 mm,Standard,6,"Lifesaving Signs (LSS/LSA); Means of Escape Signs (MES)",Deck,170000,6.54,pre-filled from website price for this size (15 SKUs)
25 × 50 mm,Outdoor,4,General Shipboard / Port & Leisure Signs,"Lock status, security levels 1&2 unlocked",,,NEW SIZE - please fill in
25 × 50 mm,Standard,4,General Shipboard / Port & Leisure Signs,"Lock status, security levels 1&2 unlocked",,,NEW SIZE - please fill in
150 × 100 mm,Outdoor,3,"Fire-Fighting Equipment Signs (FES / FFE); General Shipboard / Port & Leisure Signs",Fire extinguisher maintenance record,,,NEW SIZE - please fill in
150 × 100 mm,Standard,3,"Fire-Fighting Equipment Signs (FES / FFE); General Shipboard / Port & Leisure Signs",Fire extinguisher maintenance record,,,NEW SIZE - please fill in
200 × 150 mm,Outdoor,3,"Mandatory Signs (MSS); General Shipboard / Port & Leisure Signs",Rescue boat launching procedure,,,NEW SIZE - please fill in
200 × 150 mm,Standard,3,"Mandatory Signs (MSS); General Shipboard / Port & Leisure Signs",Rescue boat launching procedure,,,NEW SIZE - please fill in
200 × 250 mm,Outdoor,3,Mandatory Signs (MSS),Dangerous machine safety instructions,,,NEW SIZE - please fill in
200 × 250 mm,Standard,3,Mandatory Signs (MSS),Dangerous machine safety instructions,,,NEW SIZE - please fill in
297 × 210 mm,Outdoor,3,Safety Posters,Drugs warning notice,,,NEW SIZE - please fill in
297 × 210 mm,Standard,3,Safety Posters,Drugs warning notice,,,NEW SIZE - please fill in
297 × 420 mm,Outdoor,3,Safety Posters,Wheelhouse poster,,,NEW SIZE - please fill in
297 × 420 mm,Standard,3,Safety Posters,Wheelhouse poster,,,NEW SIZE - please fill in
400 × 300 mm,Outdoor,3,Fire-Fighting Equipment Signs (FES / FFE),Fire plans,,,NEW SIZE - please fill in
400 × 300 mm,Standard,3,Fire-Fighting Equipment Signs (FES / FFE),Fire plans,,,NEW SIZE - please fill in
100 × 150 mm,Outdoor,2,Hazard Signs,Hazard labelling symbol - Orientation label - Black,,,NEW SIZE - please fill in
100 × 150 mm,Standard,2,Hazard Signs,Hazard labelling symbol - Orientation label - Black,,,NEW SIZE - please fill in
150 × 105 mm,Outdoor,2,Safety Posters,Drugs warning notice,,,NEW SIZE - please fill in
150 × 105 mm,Standard,2,Safety Posters,Drugs warning notice,,,NEW SIZE - please fill in
475 × 330 mm,Outdoor,2,Safety Posters,Required boarding arrangements for pilots,,,NEW SIZE - please fill in
475 × 330 mm,Standard,2,Safety Posters,Required boarding arrangements for pilots,,,NEW SIZE - please fill in
148 × 210 mm,Outdoor,1,Safety Posters,Solas card (double sided),,,NEW SIZE - please fill in
148 × 210 mm,Standard,1,Safety Posters,Solas card (double sided),,,NEW SIZE - please fill in
150 × 250 mm,Outdoor,1,Lifesaving Signs (LSS/LSA),Lifejackets under seats,,,NEW SIZE - please fill in
150 × 250 mm,Standard,1,Lifesaving Signs (LSS/LSA),Lifejackets under seats,,,NEW SIZE - please fill in
200 × 100 mm,Outdoor,1,Fire-Fighting Equipment Signs (FES / FFE),Fire blanket point,690000,26.54,"pre-filled from website price for this size (1 SKUs); 1 other price(s) also used on the site - check"
200 × 100 mm,Standard,1,Fire-Fighting Equipment Signs (FES / FFE),Fire blanket point,74000,2.85,"pre-filled from website price for this size (1 SKUs); 1 other price(s) also used on the site - check"
300 × 120 mm,Outdoor,1,Hazard Signs,Hazard labelling symbol - Orange UN. No. panel,,,NEW SIZE - please fill in
300 × 120 mm,Standard,1,Hazard Signs,Hazard labelling symbol - Orange UN. No. panel,,,NEW SIZE - please fill in
300 × 150 mm,Outdoor,1,General Shipboard / Port & Leisure Signs,Security level indicator,1080000,41.54,"pre-filled from website price for this size (1 SKUs); 1 other price(s) also used on the site - check"
300 × 150 mm,Standard,1,General Shipboard / Port & Leisure Signs,Security level indicator,165000,6.35,"pre-filled from website price for this size (1 SKUs); 1 other price(s) also used on the site - check"
300 × 350 mm,Outdoor,1,General Shipboard / Port & Leisure Signs,This vessel is under CCTV surveillance,,,NEW SIZE - please fill in
300 × 350 mm,Standard,1,General Shipboard / Port & Leisure Signs,This vessel is under CCTV surveillance,,,NEW SIZE - please fill in
300 × 400 mm,Outdoor,1,Combination Signs,ISPS security notice,,,NEW SIZE - please fill in
300 × 400 mm,Standard,1,Combination Signs,ISPS security notice,,,NEW SIZE - please fill in
420 × 297 mm,Outdoor,1,Safety Posters,Williamson turn,,,NEW SIZE - please fill in
420 × 297 mm,Standard,1,Safety Posters,Williamson turn,,,NEW SIZE - please fill in
500 × 250 mm,Outdoor,1,Prohibition Signs (PSS),Restricted area authorised personnel only,,,NEW SIZE - please fill in
500 × 250 mm,Standard,1,Prohibition Signs (PSS),Restricted area authorised personnel only,,,NEW SIZE - please fill in
600 × 1000 mm,Outdoor,1,Combination Signs,Warning dangerous cargo-gangway notice,,,NEW SIZE - please fill in
600 × 1000 mm,Standard,1,Combination Signs,Warning dangerous cargo-gangway notice,,,NEW SIZE - please fill in
